â€œcity_url_form","lat","lon","population"
"Galvez,ProvinciadeSantaFe,Argentina","-32.02927","-61.22103","18374"
"VillaMercedes,SanLuis,Argentina","-33.67571","-65.45783","96781"
"Selva,ProvinciadeSantiagodelEstero,Argentina","-29.76776","-62.0477","0"
"Metan,Salta,Argentina","-25.49905","-64.97388",
"LaDormida,ProvinciadeCordoba,Argentina","-32.38333","-64.26667","0"
"Irigoyen,ProvinciadeSantaFe,Argentina","-32.15781","-61.10956","0"
"Bernal,ProvinciadeBuenosAires,Argentina","-34.70728","-58.2718","0"
"Napenay,ProvinciadelChaco,Argentina","-26.73333","-60.61667","3056"
"Sacanta,ProvinciadeCordoba,Argentina","-31.663","-63.04505","2791"
"DelViso,ProvinciadeBuenosAires,Argentina","-34.45013","-58.78781","0"
"SantaRosa,ProvinciadeJujuy,Argentina","-23.33333","-65.13333","0"
"GuadalupeNorte,ProvinciadeSantaFe,Argentina","-28.93944","-59.56121","0"
"PozoHondo,ProvinciadeSantiagodelEstero,Argentina","-27.16607","-64.49","0"
"LaCarlota,Cordoba,Argentina","-33.41993","-63.29769","11490"
"Donadeu,ProvinciadeSantiagodelEstero,Argentina","-26.71667","-62.73333","0"
"CaleraAvellaneda,BuenosAires,Argentina","-36.98292","-60.2421",
"RioSeco,Cordoba,Argentina","-29.90195","-63.72289",
"Suardi,ProvinciadeSantaFe,Argentina","-30.53572","-61.96119","0"
"SunchoCorral,ProvinciadeSantiagodelEstero,Argentina","-27.93357","-63.42938","6087"
"Alvear,ProvinciadeSantaFe,Argentina","-33.05873","-60.61735","0"
"LaViticola,ProvinciadeBuenosAires,Argentina","-38.52318","-62.28885","0"
"PuntaAlta,BuenosAires,Argentina","-38.87588","-62.07359","57209"
"Romang,ProvinciadeSantaFe,Argentina","-29.50162","-59.74806","0"
"Baradero,ProvinciadeBuenosAires,Argentina","-33.81105","-59.50807","0"
"Saldan,Cordoba,Argentina","-31.30262","-64.307","2099"
"Viedma,RioNegro,Argentina","-40.81345","-62.99668","48940"
"MardelTuyu,ProvinciadeBuenosAires,Argentina","-36.57531","-56.68884","0"
"Barranqueras,ChacoProvince,Argentina","-27.4822998","-58.9334106",
"Cipoletti,RioNegro,Argentina","-38.93392","-67.99032","75078"
"Malena,Cordoba,Argentina","-33.48964","-64.43189",
"MonteCristo,Cordoba,Argentina","-31.34312","-63.94437","6914"
"CityBell,ProvinciadeBuenosAires,Argentina","-34.87459","-58.05774","0"
"Jujuy,JujuyProvince,Argentina","-24.1857864","-65.2994767",
"LomasdelMirador,ProvinciadeBuenosAires,Argentina","-34.66484","-58.53196","0"
"Aguaray,Salta,Argentina","-22.24043","-63.7349",
"GobernadorIngenieroValentinVirasoro,Corrientes,Argentina","-28.05","-56.03333","28756"
"SanMiguel,ProvinciadeBuenosAires,Argentina","-34.55747","-58.736","0"
"LeandroNAlem,ProvinciadeSanLuis,Argentina","-32.48373","-66.05502","0"
"Totoras,ProvinciadeSantaFe,Argentina","-32.5844","-61.16852","9587"
"VillaElisa,ProvinciadeEntreRios,Argentina","-32.1632","-58.40082","9334"
"Clodomira,ProvinciadeSantiagodelEstero,Argentina","-27.5744","-64.13108","9043"
"ElQuebracho,Cordoba,Argentina","-32.22971","-64.35522",
"DeanFunes,Cordoba,Argentina","-30.42036","-64.34984","20164"
"Seeber,Cordoba,Argentina","-30.925","-61.97321",
"Mosconi,ProvinciadeBuenosAires,Argentina","-35.74026","-60.55317","0"
"Herrera,ProvinciadeEntreRios,Argentina","-32.43516","-58.62462","1587"
"CasadePiedra,SantaCruz,Argentina","-49.98513","-68.91467","4176"
"Tartagal,Salta,Argentina","-22.51636","-63.80131","60819"
"Tanti,Cordoba,Argentina","-31.35601","-64.59202",
"Diamante,ProvinciadeEntreRios,Argentina","-32.06641","-60.63836","19545"
"LaBanda,ProvinciadeSantiagodelEstero,Argentina","-27.73348","-64.24278","0"
"CanadaVerde,Cordoba,Argentina","-34.83826","-64.58686","5155"
"ElPuente,Cordoba,Argentina","-31.4","-63.06667",
"Potrerillos,ProvinciadeMendoza,Argentina","-32.95224","-69.19453","0"
"AguasBlancas,Salta,Argentina","-22.74671","-64.34395","0"
"Humboldt,SantaFe,Argentina","-31.40099","-61.0824",
"SierraGrande,RioNegro,Argentina","-41.60602","-65.35574","6978"
"SanPedrodeJujuy,JujuyProvince,Argentina","-24.2316571","-64.8678707",
"Arroyito,Neuquen,Argentina","-39.08008","-68.57429",
"Laboulaye,Cordoba,Argentina","-34.12662","-63.39119","19908"
"Chivilcoy,ProvinciadeBuenosAires,Argentina","-34.89566","-60.01667","54514"
"Basail,Chaco,Argentina","-27.86667","-59.3","3652"
"GeneralFotheringham,ProvinciadeCordoba,Argentina","-32.32293","-63.8695","0"
"OjodeAgua,SantiagodelEstero,Argentina","-29.50003","-63.69377","5832"
"Casas,ProvinciadeSantaFe,Argentina","-32.12681","-61.54112","0"
"Wanda,ProvinciadeMisiones,Argentina","-25.96879","-54.56285","0"
"Frontera,Formosa,Argentina","-25.38906","-58.17773",
"Nono,Cordoba,Argentina","-31.79765","-65.00312",
"Sarmiento,ProvinciadelChubut,Argentina","-45.58815","-69.06996","8292"
"LaNoria,BuenosAiresProvince,Argentina","-35.1666669","-58.8",
"GeneralGuemes,ProvinciadeEntreRios,Argentina","-31.40653","-59.95153","0"
"CanadadeGomez,ProvinciadeSantaFe,Argentina","-32.81636","-61.39493","36000"
"Trelew,Chubut,Argentina","-43.24895","-65.30505","93442"
"Centeno,ProvinciadeSantaFe,Argentina","-32.29688","-61.41122","0"
"Avellaneda,ProvinciadeBuenosAires,Argentina","-34.66018","-58.36744","0"
"Felicia,ProvinciadeSantaFe,Argentina","-31.24458","-61.21235","0"
"ColoniaVieja,SaltaProvince,Argentina","-23.5092564","-62.8323441",
"Gutierrez,BuenosAiresProvince,Argentina","-34.8310245","-58.1759847",
"LaToma,SanLuis,Argentina","-33.05258","-65.62385","6663"
"SalardePocitos,Salta,Argentina","-24.37198","-66.98609","0"
"LaCriolla,ProvinciadeEntreRios,Argentina","-31.26904","-58.10558","1852"
"Bengolea,ProvinciadeCordoba,Argentina","-33.02518","-63.6726","0"
"Ituzaingo,CorrientesProvince,Argentina","-27.5707613","-56.7246995",
"LasArrias,Cordoba,Argentina","-30.3807","-63.59748",
"LasParejas,ProvinciadeSantaFe,Argentina","-32.68478","-61.51637","11317"
"PuertoRico,MisionesProvince,Argentina","-26.8101254","-55.0252037",
"GeneralCampos,ProvinciadeEntreRios,Argentina","-31.52311","-58.4049","2982"
"Tandil,BuenosAires,Argentina","-37.32167","-59.13316","104325"
"MonteHermoso,ProvinciadeBuenosAires,Argentina","-38.65","-61.3","0"
"Jovita,Cordoba,Argentina","-34.51776","-63.94409","4059"
"MardelPlata,BuenosAires,Argentina","-38.00228","-57.55754","553935"
"Esquel,Chubut,Argentina","-42.9","-71.31667","28486"
"RioSeco,Tucuman,Argentina","-27.26823","-65.55737",
"GeneralDaheza,Cordoba,Argentina","-32.7566","-63.78611",
"Mocoreta,ProvinciadeCorrientes,Argentina","-30.61891","-57.96344","6088"
"Hasenkamp,ProvinciadeEntreRios,Argentina","-31.51226","-59.83545","4413"
"Tornquist,ProvinciadeBuenosAires,Argentina","-38.10122","-62.22267","0"
"LomasdeZamora,ProvinciadeBuenosAires,Argentina","-34.76088","-58.40632","0"
"MBelen,Chaco,Argentina","-27.2616","-58.97219","5547"
"Tacural,ProvinciadeSantaFe,Argentina","-30.84632","-61.59192","0"
"ArroyoVerde,ProvinciadeRioNegro,Argentina","-41.91667","-66.16667","0"
"Llavallol,BuenosAires,Argentina","-34.78956","-58.43092",
"PaloSanto,ProvinciadeFormosa,Argentina","-25.56332","-59.33781","5324"
"BartolomeMitre,BuenosAires,Argentina","-34.0639","-60.10357",
"AviaTerai,ProvinciadelChaco,Argentina","-26.68532","-60.7292","6821"
"Palpala,Jujuy,Argentina","-24.25648","-65.21163","48199"
"SantaCatalina,ProvinciadeJujuy,Argentina","-21.94467","-66.05219","0"
"ElTrebol,ProvinciadeSantaFe,Argentina","-32.2008","-61.7014","10871"
"Allen,RioNegro,Argentina","-38.97736","-67.82714","26083"
"Gualeguaychu,EntreRios,Argentina","-33.00938","-58.51722","78676"
"Tortugas,SantaFe,Argentina","-32.7478","-61.82009",
"Ledesma,Cordoba,Argentina","-33.60643","-62.62304","3310"
"ComodoroRivadavia,Chubut,Argentina","-45.86667","-67.5","140850"
"VillaCuraBrochero,Cordoba,Argentina","-31.70578","-65.01796","4707"
"VenadoTuerto,SantaFe,Argentina","-33.74556","-61.96884","72340"
"LucioVMansillo,Cordoba,Argentina","-29.8054","-64.70822",
"Calchin,ProvinciadeCordoba,Argentina","-31.66821","-63.19979","0"
"LosConquistadores,EntreRios,Argentina","-30.5908","-58.46773","1214"
"CasadePiedra,ProvinciadeLaPampa,Argentina","-38.1542","-67.15075","0"
"LosPinos,BuenosAiresProvince,Argentina","-37.9333305","-58.3166618",
"ElTalar,ProvinciadeBuenosAires,Argentina","-34.4709","-58.65086","0"
"Gualeguay,EntreRios,Argentina","-33.14156","-59.30966","33120"
"MieldePalo,ProvinciadeSantiagodelEstero,Argentina","-28.43958","-62.58711","0"
"Bernasconi,LaPampa,Argentina","-37.90459","-63.7424","1781"
"RioColorado,RioNegro,Argentina","-38.99398","-64.09295",
"Bigand,ProvinciadeSantaFe,Argentina","-33.3728","-61.18468","0"
"LlambiCampbell,SantaFeProvince,Argentina","-31.183333","-60.75",
"Aguilares,ProvinciadeTucuman,Argentina","-27.4338","-65.61427","32494"
"Chabas,ProvinciadeSantaFe,Argentina","-33.24458","-61.35756","0"
"LaPelada,ProvinciadeSantaFe,Argentina","-30.86678","-60.96889","0"
"SanAntonio,ProvinciadeSanLuis,Argentina","-32.6316","-66.89467","0"
"SanAntonio,Cordoba,Argentina","-30.78128","-63.41348","1911"
"SantaAna,EntreRios,Argentina","-30.90004","-57.93162","2059"
"Huanqueros,ProvinciadeSantaFe,Argentina","-30.01151","-61.21771","0"
"LosSurgentes,ProvinciadeCordoba,Argentina","-32.98454","-62.02191","2804"
"GeneralAcha,LaPampa,Argentina","-37.37698","-64.60431","12536"
"Chapuy,ProvinciadeSantaFe,Argentina","-33.79994","-61.74521","0"
"Cordoba,Cordoba,Argentina","-31.4135","-64.18105","1428214"
"HuertaGrande,Cordoba,Argentina","-31.07524","-64.49063","5630"
"BalnearioMardeAjo,BuenosAires,Argentina","-36.72427","-56.67709",
"VillaCorazondeMaria,Cordoba,Argentina","-31.44416","-63.99654",
"GobernadorGordillo,LaRioja,Argentina","-30.36002","-66.31399","13383"
"FivesLille,SantaFe,Argentina","-30.14349","-60.33899",
"LaCarlota,ProvinciadelChubut,Argentina","-43.52659","-70.73782","0"
"PuertoLibertad,Misiones,Argentina","-25.91641","-54.62089","6143"
"Hernando,ProvinciadeCordoba,Argentina","-32.42657","-63.73333","10486"
"Merlo,SanLuis,Argentina","-32.34288","-65.01396","11159"
"JoaquinVGonzalez,Salta,Argentina","-25.08333","-64.18333","19185"
"Marayes,SanJuan,Argentina","-31.4632","-67.35239",
"Castex,LaPampa,Argentina","-35.91501","-64.29448","9861"
"VillaCarlosPaz,Cordoba,Argentina","-31.42414","-64.49778","69451"
"PasodelRey,ProvinciadeBuenosAires,Argentina","-34.65622","-58.75898","0"
"SanJavier,ProvinciadeSantaFe,Argentina","-30.57781","-59.9317","15606"
"Burzaco,BuenosAires,Argentina","-34.82721","-58.39504",
"GeneralRoca,RioNegro,Argentina","-39.03333","-67.58333","73212"
"Avellaneda,SantaFe,Argentina","-29.11761","-59.65834","23077"
"VillaConstitucion,ProvinciadeSantaFe,Argentina","-33.22778","-60.3297","44271"
"Zavalla,ProvinciadeSantaFe,Argentina","-33.01968","-60.87955","0"
"CuestaBlanca,Cordoba,Argentina","-31.48658","-64.5715","3200"
"Tostado,SantaFe,Argentina","-29.23202","-61.76917","14000"
"Tilisarao,SanLuis,Argentina","-32.73292","-65.29109","5478"
"GeneralPico,LaPampa,Argentina","-35.65662","-63.75682","57029"
"Catriel,RioNegro,Argentina","-37.87907","-67.7956","15169"
"Unquillo,ProvinciadeCordoba,Argentina","-31.23073","-64.31615","15369"
"Recreo,ProvinciadeSantaFe,Argentina","-31.49076","-60.73299","12798"
"Alejandra,ProvinciadeSantaFe,Argentina","-29.90937","-59.82795","0"
"Cotagaita,ProvinciadeCordoba,Argentina","-30.91307","-62.07402","0"
"LaQuiaca,Jujuy,Argentina","-22.10236","-65.59299","14751"
"RosariodelTala,ProvinciadeEntreRios,Argentina","-32.30286","-59.14545","13807"
"ColoniaCarlosPellegrini,ProvinciadeCorrientes,Argentina","-28.53556","-57.17434","880"
"Olivia,Cordoba,Argentina","-32.04158","-63.56978","11629"
"GeneralViamonte,ProvinciadeBuenosAires,Argentina","-35.00014","-61.03508","0"
"VillaColon,SanJuan,Argentina","-31.65179","-68.28105","33609"
"SantaRosadeCalamuchita,ProvinciadeCordoba,Argentina","-32.06905","-64.53631","9504"
"VerayPintado,SantaFeProvince,Argentina","-30.1430206","-60.3387833",
"Maciel,ProvinciadeSantaFe,Argentina","-32.45574","-60.88736","0"
"LasLomitas,ProvinciadeFormosa,Argentina","-24.70955","-60.59303","10354"
"Roldan,ProvinciadeSantaFe,Argentina","-32.89846","-60.90681","12468"
"CaletaOlivia,SantaCruz,Argentina","-46.43929","-67.52814","36077"
"MonteCaseros,Corrientes,Argentina","-30.25359","-57.63626","24671"
"CampoAndino,SantaFe,Argentina","-31.23639","-60.52794",
"LosTigres,ProvinciadeSantiagodelEstero,Argentina","-25.90942","-62.5932","0"
"Ushuaia,TierradelFuego,Argentina","-54.8","-68.3","58028"
"Esquina,ProvinciadeCorrientes,Argentina","-29.15","-59.25","0"
"VillaMaria,Cordoba,Argentina","-32.40751","-63.24016","92453"
"Saavedra,BuenosAiresFD,Argentina","-34.54969","-58.48572","0"
"Gaona,Salta,Argentina","-25.2","-64.08333","0"
"MariaTeresa,ProvinciadeSantaFe,Argentina","-34.01187","-61.91495","0"
"Leones,Cordoba,Argentina","-32.66174","-62.29678","9971"
"Posadas,Misiones,Argentina","-27.36708","-55.89608","312060"
"Yuto,Jujuy,Argentina","-23.64342","-64.47194","7732"
"Miramar,ProvinciadeCordoba,Argentina","-30.91858","-62.67814","1979"
"PuentedelInca,Mendoza,Argentina","-32.8239","-69.91309",
"Hersilia,ProvinciadeSantaFe,Argentina","-30.00447","-61.8408","3000"
"Sastre,ProvinciadeSantaFe,Argentina","-31.76762","-61.82886","5521"
"Apostoles,Misiones,Argentina","-27.91421","-55.75355","0"
"LaCumbre,Cordoba,Argentina","-30.98201","-64.49139","7235"
"Guatimozin,ProvinciadeCordoba,Argentina","-33.4615","-62.43844","2524"
"Correa,SantaFeProvince,Argentina","-32.8499985","-61.25",
"Pocitos,Salta,Argentina","-22.05011","-63.69128",
"PatquiaSur,LaRioja,Argentina","-30.17022","-66.9542",
"JunindelosAndes,Neuquen,Argentina","-39.95043","-71.06936","10592"
"Balcarce,BuenosAires,Argentina","-37.84616","-58.25522",
"ArroyodelMedio,ProvinciadeMisiones,Argentina","-27.7","-55.41667","2142"
"Funes,ProvinciadeSantaFe,Argentina","-32.91568","-60.80995","14750"
"AltosdeChipion,Cordoba,Argentina","-30.9559","-62.33727","1512"
"Virginia,SantaFeProvince,Argentina","-30.7332211","-61.3364372",
"NuevedeJulio,ProvinciadeBuenosAires,Argentina","-35.44437","-60.88313","34718"
"Sumampa,ProvinciadeSantiagodelEstero,Argentina","-29.3847","-63.46906","4812"
"Rufino,ProvinciadeSantaFe,Argentina","-34.26827","-62.71262","18361"
"JuanBArruabarrena,EntreRios,Argentina","-30.34098","-58.30707",
"VillaTrinidad,ProvinciadeSantaFe,Argentina","-30.21329","-61.87597","2945"
"Aldao,ProvinciadeSantaFe,Argentina","-32.70306","-60.81416","0"
"Pujato,ProvinciadeSantaFe,Argentina","-33.01766","-61.04323","0"
"Goya,Corrientes,Argentina","-29.14003","-59.26256","70245"
"VillaRumipal,Cordoba,Argentina","-32.1879","-64.48027","1922"
"GeneralAlvarado,BuenosAires,Argentina","-38.26876","-57.83669",
"Embalse,ProvinciadeCordoba,Argentina","-32.18","-64.41809","15900"
"Espinillo,Cordoba,Argentina","-33.00526","-64.35165",
"Tulumba,Cordoba,Argentina","-30.39552","-64.1224","1161"
"PresidenciadelaPlaza,ProvinciadelChaco,Argentina","-27.00147","-59.84243","12231"
"VillaMercedes,ProvinciadeSanJuan,Argentina","-30.1081","-68.70419","0"
"SanJorge,ProvinciadeSantaFe,Argentina","-31.89618","-61.85984","16873"
"Moreno,ProvinciadeBuenosAires,Argentina","-34.63401","-58.79138","0"
"PuntadelLago,SantaCruz,Argentina","-49.59414","-72.05663",
"Yahape,ProvinciadeCorrientes,Argentina","-27.37336","-57.6551","0"
"MontesdeOca,ProvinciadeSantaFe,Argentina","-32.56666","-61.76881","0"
"Garupa,Misiones,Argentina","-27.48171","-55.82921","28814"
"LaGranja,Cordoba,Argentina","-31.00919","-64.26869","2406"
"LaPlata,BuenosAires,Argentina","-34.92145","-57.95453","694167"
"Victoria,BuenosAiresProvince,Argentina","-34.4562893","-58.5466236",
"SanFranciscoSolano,ProvinciadeBuenosAires,Argentina","-34.78333","-58.31667","0"
"Corzuela,ProvinciadelChaco,Argentina","-26.95374","-60.96928","10470"
"VillaAdela,ProvinciadeSantiagodelEstero,Argentina","-29.31828","-64.79835","0"
"BernardodeIrigoyen,ProvinciadeMisiones,Argentina","-26.2552","-53.64581","10889"
"Brinkmann,Cordoba,Argentina","-30.8659","-62.03742","8237"
"Corrientes,Corrientes,Argentina","-27.4806","-58.8341","339067"
"Gessler,ProvinciadeSantaFe,Argentina","-31.87556","-61.12814","0"
"SanJusto,ProvinciadeSantaFe,Argentina","-30.78913","-60.59189","21809"
"GobernadorRoca,Misiones,Argentina","-27.18636","-55.46433","6315"
"Tilcara,Jujuy,Argentina","-23.57757","-65.3509","5640"
"Barranqueras,ProvinciadelChaco,Argentina","-27.48299","-58.93579","50823"
"SanJavier,ProvinciadeMisiones,Argentina","-27.87427","-55.13509","0"
"Tapalque,ProvinciadeBuenosAires,Argentina","-36.35493","-60.0264","0"
"Coronda,ProvinciadeSantaFe,Argentina","-31.97263","-60.91982","16975"
"Saladillo,ProvinciadeCordoba,Argentina","-32.93438","-62.34477","0"
"LasToninas,ProvinciadeBuenosAires,Argentina","-36.48333","-56.7","0"
"PuertoLibertadorGeneralSanMartin,Misiones,Argentina","-26.79598","-55.02402","17491"
"PedroEVivas,Cordoba,Argentina","-31.3706","-63.53084",
"Elortondo,ProvinciadeSantaFe,Argentina","-33.70029","-61.61693","0"
"Formosa,Formosa,Argentina","-26.17753","-58.17814","221383"
"Serodino,ProvinciadeSantaFe,Argentina","-32.60588","-60.94817","0"
"Albarellos,ProvinciadeSantaFe,Argentina","-33.23987","-60.6357","0"
"Nogoya,ProvinciadeEntreRios,Argentina","-32.39387","-59.78953","0"
"Pirane,ProvinciadeFormosa,Argentina","-25.73239","-59.10879","19124"
"Arroyito,ProvinciadeCordoba,Argentina","-31.42022","-63.05002","19577"
"Rafaela,SantaFe,Argentina","-31.25033","-61.4867","88713"
"SanJose,ProvinciadeMisiones,Argentina","-27.76979","-55.7826","6452"
"Rojas,ProvinciadeBuenosAires,Argentina","-34.19528","-60.735","0"
"Colon,ProvinciadeEntreRios,Argentina","-32.22337","-58.14341","0"
"Esperanza,ProvinciadeSantaFe,Argentina","-31.4488","-60.93173","35885"
"SanJusto,EntreRios,Argentina","-32.44654","-58.43569","1473"
"CoronelDuGraty,ProvinciadelChaco,Argentina","-27.68038","-60.91462","9140"
"TresIsletas,ProvinciadelChaco,Argentina","-26.34066","-60.43207","24747"
"Resistencia,Chaco,Argentina","-27.46056","-58.98389","387158"
"PozoHerrera,SantiagodelEsteroProvince,Argentina","-28.3937263","-62.4032135",
"Chascomus,ProvinciadeBuenosAires,Argentina","-35.57297","-58.00809","0"
"SanNicolasdelosArroyos,BuenosAires,Argentina","-33.33578","-60.22523","127742"
"LosQuirquinchos,ProvinciadeSantaFe,Argentina","-33.37543","-61.70986","0"
"PuertoEsperanza,Misiones,Argentina","-26.01517","-54.67306","15579"
"Icano,ProvinciadeCatamarca,Argentina","-28.91934","-65.32817","6857"
"Rivadavia,ProvinciadeMendoza,Argentina","-33.19051","-68.46081","0"
"Chepes,LaRioja,Argentina","-31.26075","-66.58519",
"RioTercero,ProvinciadeCordoba,Argentina","-32.17301","-64.11406","53389"
"SantaCatalina,Cordoba,Argentina","-33.20628","-64.43546",
"ValledeLasLenas,Mendoza,Argentina","-35.14686","-70.08247",
"ColoniaSilva,ProvinciadeSantaFe,Argentina","-30.4479","-60.42922","0"
"Lujan,BuenosAires,Argentina","-34.57028","-59.105","81749"
"ElFortin,ProvinciadeCordoba,Argentina","-31.96999","-62.30123","0"
"Retiro,BuenosAiresFD,Argentina","-34.58333","-58.38333","38635"
"Freyre,ProvinciadeCordoba,Argentina","-31.16448","-62.09861","0"
"Federacion,EntreRios,Argentina","-31.00621","-57.89962","13789"
"Morteros,ProvinciadeCordoba,Argentina","-30.71164","-61.99862","15129"
"Arminda,ProvinciadeSantaFe,Argentina","-33.26414","-60.96655","0"
"MarcelinoEscalada,ProvinciadeSantaFe,Argentina","-30.57918","-60.46869","0"
"ElCondor,ProvinciadeCordoba,Argentina","-31.6108167","-64.7571167",
"Castelli,ProvinciadeBuenosAires,Argentina","-36.08949","-57.80393","0"
"Arteaga,ProvinciadeSantaFe,Argentina","-33.08788","-61.79004","0"
"Candelaria,Cordoba,Argentina","-30.83882","-63.79982",
"Arequito,ProvinciadeSantaFe,Argentina","-33.14552","-61.47156","0"
"Landeta,ProvinciadeSantaFe,Argentina","-32.0141","-62.06098","0"
"VillaIchoCruz,Cordoba,Argentina","-31.48333","-64.56667",
"Casbas,ProvinciadeBuenosAires,Argentina","-36.7594","-62.50408","0"
"TacoPozo,ProvinciadelChaco,Argentina","-25.61667","-63.28333","8470"
"Pavon,ProvinciadeSantaFe,Argentina","-33.24172","-60.40517","0"
"LaRioja,LaRiojaProvince,Argentina","-29.4128001","-66.8559803",
"MariaSusana,ProvinciadeSantaFe,Argentina","-32.26561","-61.90292","0"
"Soto,Cordoba,Argentina","-30.85523","-64.99947","7303"
"SanVicente,ProvinciadeMisiones,Argentina","-26.61667","-54.13333","38247"
"PozoBorrado,ProvinciadeSantaFe,Argentina","-28.93679","-61.70807","0"
"VillaLasRosas,Cordoba,Argentina","-31.95021","-65.05354","2535"
"ElAranado,ProvinciadeCordoba,Argentina","-31.7412","-62.89322","1395"
"Juncal,ProvinciadeSantaFe,Argentina","-33.71659","-61.04915","0"
"Armstrong,ProvinciadeSantaFe,Argentina","-32.78215","-61.60222","10388"
"Escobar,ProvinciadeCordoba,Argentina","-30.7333298","-64.5833511",
"CarmendelSauce,ProvinciadeSantaFe,Argentina","-33.236","-60.81116","0"
"Uspallata,ProvinciadeMendoza,Argentina","-32.5917","-69.34872","0"
"Puelches,LaPampa,Argentina","-38.14562","-65.91426",
"SantaTeresita,BuenosAiresProvince,Argentina","-36.5437544","-56.702013",
"LosToldos,BuenosAiresProvince,Argentina","-35","-61.0333333",
"Sumampa,Catamarca,Argentina","-28.07885","-65.58251",
"Tello,LaRioja,Argentina","-31.21154","-66.31548",
"PedroLuro,ProvinciadeBuenosAires,Argentina","-39.50254","-62.68169","0"
"LaCalifornia,SantaFeProvince,Argentina","-32.5444298","-61.5481682",
"Sunchales,SantaFe,Argentina","-30.94404","-61.56148","18757"
"PuertoSanMartin,ProvinciadeSantaFe,Argentina","-32.71532","-60.7362","0"
"Garuape,Misiones,Argentina","-26.81768","-54.95664","8259"
"Tobas,ProvinciadeSantiagodelEstero,Argentina","-28.12014","-62.69459","0"
"Capivara,ProvinciadeSantaFe,Argentina","-30.45957","-61.27109","0"
"LaSalada,FormosaProvince,Argentina","-24.36129","-60.0240211",
"Colon,ProvinciadeBuenosAires,Argentina","-33.89512","-61.1011","0"
"HumbertoPrimero,SantaFeProvince,Argentina","-33.033329","-61.033329",
"SantaFe,SantaFe,Argentina","-31.63333","-60.7","489505"
"EstanciaSIngnacio,Neuquen,Argentina","-39.89135","-70.84421",
"SanJuan,SanJuan,Argentina","-31.5375","-68.53639","447048"
"VillaGuillermina,ProvinciadeSantaFe,Argentina","-28.24258","-59.45444","0"
"PicunLeufu,ProvinciadelNeuquen,Argentina","-39.52351","-69.27966","3222"
"LomaAlta,ProvinciadeSantaFe,Argentina","-31.96057","-61.17803","0"
"Capiovi,Misiones,Argentina","-26.92998","-55.06084","5860"
"CarmendePatagones,ProvinciadeBuenosAires,Argentina","-40.79828","-62.98097","0"
"GeneralEnriqueMosconi,Salta,Argentina","-22.59588","-63.81255","19811"
"Alvarez,ProvinciadeSantaFe,Argentina","-33.13032","-60.80393","0"
"LasRosas,ProvinciadeSantaFe,Argentina","-32.47661","-61.58041","12793"
"Salto,ProvinciadeBuenosAires,Argentina","-34.29292","-60.25455","0"
"Arocena,ProvinciadeSantaFe,Argentina","-32.07859","-60.97616","0"
"Ituzaingo,BuenosAiresProvince,Argentina","-34.6570243","-58.6753978",
"Eusebia,SantaFe,Argentina","-30.94624","-61.85704",
"Balnearia,Cordoba,Argentina","-31.0088","-62.66733","5585"
"BahiaBlanca,BuenosAires,Argentina","-38.7196","-62.27243","276546"
"SanMartindelosAndes,Neuquen,Argentina","-40.16038","-71.34865","23519"
"Ceres,ProvinciadeSantaFe,Argentina","-29.881","-61.94504","13063"
"LaRubia,ProvinciadeSantaFe,Argentina","-30.10945","-61.79221","0"
"Daireaux,ProvinciadeBuenosAires,Argentina","-36.6","-61.75","0"
"AldeaSanJuan,ProvinciadeEntreRios,Argentina","-32.69767","-58.76882","0"
"TioPujio,Cordoba,Argentina","-32.2879","-63.35598","2383"
"Fuentes,ProvinciadeSantaFe,Argentina","-33.17252","-61.07433","0"
"Firmat,ProvinciadeSantaFe,Argentina","-33.45937","-61.4832","18294"
"LosJuries,ProvinciadeSantiagodelEstero,Argentina","-28.46539","-62.10862","3212"
"Urutau,ProvinciadeSantiagodelEstero,Argentina","-25.7","-63.06667","0"
"LasBrenas,Chaco,Argentina","-27.08966","-61.08161","26955"
"SantaIsabel,ProvinciadeSantiagodelEstero,Argentina","-33.88705","-61.69285","0"
"Patquia,ProvinciadeLaRioja,Argentina","-30.04681","-66.88231","0"
"DiegodeAlvear,ProvinciadeSantaFe,Argentina","-34.37256","-62.12859","0"
"Diaz,SantaFeProvince,Argentina","-32.3708611","-61.088501",
"LosCondores,Cordoba,Argentina","-32.31984","-64.27752","2720"
"Merlo,ProvinciadeBuenosAires,Argentina","-34.66854","-58.72225","0"
"AlvarezdeToledo,BuenosAires,Argentina","-35.63775","-59.62951",
"Salta,Salta,Argentina","-24.7859","-65.41166","512686"
"JoseCPaz,BuenosAiresProvince,Argentina","-34.5151052","-58.7662461",
"SantaRosa,MendozaProvince,Argentina","-32.9","-68.75",
"Purmamarca,Jujuy,Argentina","-23.74739","-65.50118",
"Mendoza,Mendoza,Argentina","-32.89084","-68.82717","876884"
"SanMartin,SanLuisProvince,Argentina","-32.5777778","-65.675",
"Montecarlo,Misiones,Argentina","-26.5662","-54.757","22229"
"Empedrado,ProvinciadeCorrientes,Argentina","-27.95124","-58.80542","0"
"MarianoJHaedo,ProvinciadeBuenosAires,Argentina","-34.64191","-58.58664","0"
"Bustinza,ProvinciadeSantaFe,Argentina","-32.73909","-61.29029","0"
"JamesCraik,Cordoba,Argentina","-32.1612","-63.46688","4560"
"Perico,Jujuy,Argentina","-24.38293","-65.11491",
"CampoViera,ProvinciadeMisiones,Argentina","-27.38333","-55.03333","9228"
"AlejandroRoca,ProvinciadeCordoba,Argentina","-33.35369","-63.71849","4724"
"Recreo,Catamarca,Argentina","-29.28184","-65.06096","14204"
"EvaPeron,Neuquen,Argentina","-38.94688","-69.20889","47380"
"Angelica,SantaFe,Argentina","-31.55127","-61.54599",
"Escrina,ProvinciadeEntreRios,Argentina","-32.59383","-58.90413","0"
"Necochea,ProvinciadeBuenosAires,Argentina","-38.54726","-58.73675","80478"
"MariaJuana,ProvinciadeSantaFe,Argentina","-31.67681","-61.75187","0"
"CruzdelEje,Cordoba,Argentina","-30.72644","-64.80387","28166"
"Almafuerte,ProvinciadeMisiones,Argentina","-27.50518","-55.39497","1022"
"SauceViejo,ProvinciadeSantaFe,Argentina","-31.77125","-60.83666","0"
"Itati,ProvinciadeCorrientes,Argentina","-27.27043","-58.24458","7902"
"Ibarlucea,ProvinciadeSantaFe,Argentina","-32.8482","-60.79272","0"
"Ataliva,ProvinciadeSantaFe,Argentina","-30.99676","-61.43014","0"
"CuatroBocas,EntreRios,Argentina","-33.10773","-60.35707",
"Caroya,Cordoba,Argentina","-31.01978","-64.06519",
"SantaRosa,Cordoba,Argentina","-31.15231","-63.40191","6788"
"VillaMugueta,ProvinciadeSantaFe,Argentina","-33.31129","-61.05515","0"
"Aguaray,SaltaProvince,Argentina","-22.2394104","-63.7329407",
"EstebanRams,ProvinciadeSantaFe,Argentina","-29.7715","-61.4897","0"
"VilladelRosario,EntreRios,Argentina","-30.79567","-57.91257","3488"
"Concoran,SanLuis,Argentina","-32.56009","-65.2427","4530"
"Arrufo,ProvinciadeSantaFe,Argentina","-30.23281","-61.72862","2190"
"SanMigueldeTucuman,Tucuman,Argentina","-26.82414","-65.2226","781023"
"LosMolinos,SantaFeProvince,Argentina","-33.103775","-61.3255577",
"ElDorado,ProvinciadeBuenosAires,Argentina","-34.65038","-61.58252","0"
"Gancedo,ProvinciadelChaco,Argentina","-27.49038","-61.67571","3737"
"VillaCanas,ProvinciadeSantaFe,Argentina","-34.00565","-61.60757","9328"
"Pellegrini,ProvinciadeBuenosAires,Argentina","-36.26584","-63.1655","0"
"Miraflores,ChacoProvince,Argentina","-25.6448402","-60.9329185",
"Camarones,Chubut,Argentina","-44.79709","-65.70994","1079"
"ConcepciondelUruguay,EntreRios,Argentina","-32.48249","-58.23722","67895"
"RioGallegos,SantaCruz,Argentina","-51.62261","-69.21813","85700"
"LosCisnes,ProvinciadeCordoba,Argentina","-33.4000015","-63.4833298",
"LaLucila,ProvinciadeBuenosAires,Argentina","-36.65946","-56.68145","0"
"Quitilipi,ProvinciadelChaco,Argentina","-26.86913","-60.21683","32083"
"Cayasta,ProvinciadeSantaFe,Argentina","-31.20089","-60.16055","0"
"SanAntoniodePadua,ProvinciadeBuenosAires,Argentina","-34.66446","-58.70769","0"
"VillaGesell,BuenosAires,Argentina","-37.26394","-56.97304","23257"
"Chazon,Cordoba,Argentina","-33.07872","-63.27657","1010"
"Pinero,ProvinciadeSantaFe,Argentina","-33.10996","-60.79597","0"
"Casilda,ProvinciadeSantaFe,Argentina","-33.04417","-61.16806","32002"
"Lanus,ProvinciadeBuenosAires,Argentina","-34.70252","-58.3955","0"
"SanCarlosCentro,ProvinciadeSantaFe,Argentina","-31.72864","-61.09192","10465"
"Soldini,ProvinciadeSantaFe,Argentina","-33.0276","-60.75529","0"
"SanFernandodelValledeCatamarca,Catamarca,Argentina","-28.46957","-65.78524","188812"
"Moldes,Cordoba,Argentina","-33.6227","-64.59711","8104"
"FelipeYofre,ProvinciadeCorrientes,Argentina","-29.10226","-58.33772","1947"
"Vallecito,SanJuan,Argentina","-31.73946","-67.99148",
"ElCabure,ProvinciadeSantiagodelEstero,Argentina","-26.01667","-62.36667","0"
"LaPaz,ProvinciadeMendoza,Argentina","-33.46091","-67.54956","0"
"LasGrutas,RioNegro,Argentina","-40.8029","-65.08129",
"Susana,SantaFe,Argentina","-31.35596","-61.51577",
"Reduccion,ProvinciadeCordoba,Argentina","-33.2000008","-63.8666611",
"SanCarlosdeBariloche,RioNegro,Argentina","-41.14557","-71.30822","95394"
"Acebal,ProvinciadeSantaFe,Argentina","-33.24309","-60.83644","0"
"Alem,BuenosAires,Argentina","-34.52109","-61.39029",
"SanAntonio,ProvinciadeMisiones,Argentina","-26.05","-53.73333","0"
"Quilino,Cordoba,Argentina","-30.21397","-64.50063","4534"
"Embarcacion,Salta,Argentina","-23.20898","-64.09605","23961"
"AldeaSanAntonio,ProvinciadeEntreRios,Argentina","-32.62376","-58.70333","1127"
"ElDorado,Misiones,Argentina","-26.40484","-54.62478",
"ElCalafate,ProvinciadeSantaCruz,Argentina","-50.34075","-72.27682","8000"
"MonteComan,ProvinciadeMendoza,Argentina","-34.59173","-67.8783","0"
"GonzalezCatan,BuenosAiresProvince,Argentina","-34.7627204","-58.6300804",
"SanJosedelaDormida,Cordoba,Argentina","-30.3544","-63.94872","3272"
"Encon,ProvinciadeSanJuan,Argentina","-32.21874","-67.79163","0"
"CanadaRosquin,ProvinciadeSantaFe,Argentina","-32.05367","-61.6007","0"
"GobernadorSola,ProvinciadeEntreRios,Argentina","-32.33655","-59.37029","0"
"Logrono,SantaFeProvince,Argentina","-29.5037804","-61.6964684",
"SanIgnacio,ProvinciadeMisiones,Argentina","-27.25586","-55.5339","0"
"ElZapallar,Chaco,Argentina","-26.53743","-59.34158","31758"
"VillaDosTrece,FormosaProvince,Argentina","-26.1850338","-59.36306",
"Inriville,ProvinciadeCordoba,Argentina","-32.94424","-62.23028","3778"
"Carcarana,ProvinciadeSantaFe,Argentina","-32.85679","-61.15331","15619"
"ComandanteFontana,ProvinciadeFormosa,Argentina","-25.33453","-59.68212","5655"
"Neuquen,Neuquen,Argentina","-38.95161","-68.0591","242092"
"6deSeptiembre,BuenosAires,Argentina","-34.65344","-58.61975","319934"
"SanSalvadordeJujuy,Jujuy,Argentina","-24.19456","-65.29712","305891"
"ManuelOcampo,ProvinciadeBuenosAires,Argentina","-33.76444","-60.65063","0"
"Pichanal,Salta,Argentina","-23.32125","-64.22652",
"Franck,ProvinciadeSantaFe,Argentina","-31.58642","-60.93904","0"
"CruzAlta,Cordoba,Argentina","-33.00887","-61.80746","6862"
"Fraga,SanLuisProvince,Argentina","-33.5014038","-65.7914429",
"CanadaSeca,ProvinciadeBuenosAires,Argentina","-34.4163","-62.96017","0"
"Jubileo,ProvinciadeEntreRios,Argentina","-31.73358","-58.63385","0"
"Fighiera,ProvinciadeSantaFe,Argentina","-33.19494","-60.4687","0"
"Olavarria,BuenosAires,Argentina","-36.89272","-60.32254","86320"
"Ciudadela,ProvinciadeBuenosAires,Argentina","-34.63772","-58.54078","0"
"SanGenaroNorte,ProvinciadeSantaFe,Argentina","-32.36394","-61.33677","0"
"VillaGeneralBelgrano,Cordoba,Argentina","-31.97542","-64.5559","5888"
"RamosMejia,ProvinciadeBuenosAires,Argentina","-34.6551","-58.55318","0"
"Guamini,ProvinciadeBuenosAires,Argentina","-37.03333","-62.41667","0"
"Quilmes,BuenosAires,Argentina","-34.72418","-58.25265","518788"
"Elisa,ProvinciadeSantaFe,Argentina","-30.69512","-61.04844","0"
"VillaAngela,ProvinciadelChaco,Argentina","-27.57383","-60.71526","43511"
"HumbertoPrimo,SantaFeProvince,Argentina","-30.8651581","-61.3510323",
"Frontera,ProvinciadeCordoba,Argentina","-31.13333","-62.8","0"
"SanJose,ProvinciadeEntreRios,Argentina","-32.2","-58.2166667",
"SanGuillermo,ProvinciadeSantaFe,Argentina","-30.35976","-61.91788","0"
"Monteros,ProvinciadeTucuman,Argentina","-27.16742","-65.49832","23771"
"Caseros,ProvinciadeBuenosAires,Argentina","-34.60071","-58.56424","0"
"AguaDulce,ProvinciadeTucuman,Argentina","-27.02064","-65.02075","0"
"Larguia,ProvinciadeSantaFe,Argentina","-32.55148","-61.21815","0"
"Pilar,Cordoba,Argentina","-31.6789","-63.87964","12488"
"SanPedro,ProvinciadeMisiones,Argentina","-26.62207","-54.10842","23736"
"Pinamar,BuenosAires,Argentina","-37.10794","-56.8614","0"
"VilladelRosario,ProvinciadeCordoba,Argentina","-31.5566","-63.53452","0"
"VilladelDique,Cordoba,Argentina","-32.17667","-64.45543","2829"
"Oran,Salta,Argentina","-23.13223","-64.32598","74059"
"PuertoPilcomayo,ProvinciadeFormosa,Argentina","-25.36871","-57.65228","0"
"VilladeMerlo,SanLuisProvince,Argentina","-32.3492393","-65.0335693",
"VillaAna,ProvinciadeSantaFe,Argentina","-28.49082","-59.61319","0"
"LasPalmeras,ProvinciadeSantaFe,Argentina","-30.63017","-61.62659","0"
"Yapeyu,ProvinciadeCorrientes,Argentina","-29.46914","-56.81841","2124"
"GranaderoBaigorria,ProvinciadeSantaFe,Argentina","-32.85683","-60.71754","32427"
"Arias,ProvinciadeCordoba,Argentina","-33.64411","-62.40272","6928"
"Susques,JujuyProvince,Argentina","-23.4004127","-66.3655164",
"Zarate,ProvinciadeBuenosAires,Argentina","-34.09814","-59.02858","88781"
"Tunuyan,Mendoza,Argentina","-33.57653","-69.01538",
"BuenosAires,BuenosAiresFD,Argentina","-34.61315","-58.37723","13076300"
"Devoto,Cordoba,Argentina","-31.40431","-62.30634","5597"
"Loreto,SantiagodelEstero,Argentina","-28.30189","-64.18031",
"Amama,ProvinciadeSantiagodelEstero,Argentina","-27.20889","-63.03891","0"
"LaPaquita,Cordoba,Argentina","-30.90828","-62.2158",
"Cafferata,ProvinciadeSantaFe,Argentina","-33.43899","-62.08573","0"
"CorraldeBustos,Cordoba,Argentina","-33.28205","-62.18463","9882"
"TrenqueLauquen,BuenosAires,Argentina","-35.97035","-62.73432",
"LosChanaritos,Cordoba,Argentina","-31.40238","-63.33233",
"20deSeptiembre,ProvinciadeEntreRios,Argentina","-32.3833313","-59.6666718",
"Videla,ProvinciadeSantaFe,Argentina","-30.94458","-60.65453","0"
"ElManzano,ProvinciadeCordoba,Argentina","-31.0778","-64.29832","0"
"VillaEloisa,ProvinciadeSantaFe,Argentina","-32.9627","-61.54881","0"
"PuertoSantaCruz,ProvinciadeSantaCruz,Argentina","-50.0191","-68.52321","3397"
"GeneralConesa,ProvinciadeBuenosAires,Argentina","-36.52012","-57.32537","0"
"GobernadorGalvez,ProvinciadeSantaFe,Argentina","-33.03016","-60.64045","74650"
"Llavallol,BuenosAiresProvince,Argentina","-34.7965057","-58.4292259",
"Teodelina,ProvinciadeSantaFe,Argentina","-34.18688","-61.52881","0"
"BialetMasse,Cordoba,Argentina","-31.31313","-64.46015",
"VillaRegina,RioNegro,Argentina","-39.1","-67.06667","31209"
"Monigotes,ProvinciadeSantaFe,Argentina","-30.48754","-61.63388","0"
"Chovet,ProvinciadeSantaFe,Argentina","-33.59876","-61.60581","0"
"HermosoCampo,ProvinciadelChaco,Argentina","-27.60816","-61.34441","7435"
"SanMartindelasEscobas,ProvinciadeSantaFe,Argentina","-31.8578","-61.56985","0"
"Cabrera,Cordoba,Argentina","-32.81313","-63.87243","10351"
"JPosse,Cordoba,Argentina","-32.88411","-62.67788","7406"
"Malbran,SantiagodelEsteroProvince,Argentina","-29.3472595","-62.4407845",
"TresPozos,ProvinciadeCordoba,Argentina","-32.40786","-64.10551","0"
"QuebrachoPobre,SantiagodelEstero,Argentina","-29.46667","-63.4",
"LisandroOlmos,BuenosAiresProvince,Argentina","-34.9979984","-58.0428659",
"Nonogasta,LaRioja,Argentina","-29.29962","-67.48246",
"Campana,BuenosAires,Argentina","-34.16874","-58.95914","81612"
"DonTorcuato,ProvinciadeBuenosAires,Argentina","-34.49674","-58.63915","0"
"AguaColorada,LaRioja,Argentina","-30.8672","-66.19562",
"Junin,ProvinciadeBuenosAires,Argentina","-34.58382","-60.94332","85007"
"Amenabar,ProvinciadeSantaFe,Argentina","-34.13323","-62.42145","0"
"CaspiCorral,ProvinciadeSantiagodelEstero,Argentina","-27.38242","-63.52942","0"
"SanctiSpiritu,ProvinciadeSantaFe,Argentina","-34.01402","-62.23879","0"
"ElColorado,ProvinciadeFormosa,Argentina","-26.30808","-59.37291","12780"
"Conesa,RioNegro,Argentina","-40.1","-64.43333","5595"
"Quimili,ProvinciadeSantiagodelEstero,Argentina","-27.63333","-62.41667","10959"
"Tolloche,Salta,Argentina","-25.5","-63.53333","0"
"CuruzuCuatia,Corrientes,Argentina","-29.79171","-58.0546","36390"
"SantoPipo,ProvinciadeMisiones,Argentina","-27.14132","-55.40867","5447"
"BalnearioSanClementedelTuyu,BuenosAires,Argentina","-36.35694","-56.72351","11174"
"Lazzarino,ProvinciadeSantaFe,Argentina","-34.16575","-62.42645","0"
"Winifreda,LaPampa,Argentina","-36.22643","-64.23388","2902"
"CapitanBermudez,ProvinciadeSantaFe,Argentina","-32.82262","-60.71852","27060"
"CanadadelUcle,ProvinciadeSantaFe,Argentina","-33.40806","-61.6077","0"
"Vilela,ProvinciadeBuenosAires,Argentina","-35.8457","-59.03417","0"
"Guemes,ProvinciadeTucuman,Argentina","-27.3166695","-65.3333511",
"Viale,EntreRios,Argentina","-31.86782","-60.00722","8939"
"VillaMalargue,Mendoza,Argentina","-35.47546","-69.58427",
"RafaelCastillo,ProvinciadeBuenosAires,Argentina","-34.69857","-58.62706","0"
"Matorrales,Cordoba,Argentina","-31.71509","-63.51118",
"ElAlcazar,MisionesProvince,Argentina","-26.7114162","-54.8127823",
"VillaMinetti,ProvinciadeSantaFe,Argentina","-28.62133","-61.62775","0"
"Ocampo,SantaFe,Argentina","-28.48752","-59.35515","19101"
"ValleHermoso,Cordoba,Argentina","-31.11732","-64.48084","5486"
"Charatas,Chaco,Argentina","-27.21438","-61.18795","27813"
"BellVille,Cordoba,Argentina","-32.62591","-62.68873","35105"
"IngenieroLAHuergo,RioNegro,Argentina","-39.08333","-67.23333","6483"
"AltaGracia,ProvinciadeCordoba,Argentina","-31.65292","-64.42826","40384"
"SantaRosa,LaPampa,Argentina","-36.61667","-64.28333","111424"
"Calchaqui,SantaFe,Argentina","-29.88767","-60.28696","10221"
"SanMartin,Mendoza,Argentina","-33.08103","-68.46814","82549"
"LosFrentones,ProvinciadelChaco,Argentina","-26.4077","-61.41368","6610"
"LosPirpintos,ProvinciadeSantiagodelEstero,Argentina","-26.13333","-62.08333","0"
"Pilar,ProvinciadeSantaFe,Argentina","-31.43937","-61.25884","0"
"Claypole,ProvinciadeBuenosAires,Argentina","-34.79675","-58.33434","0"
"AbraPampa,Jujuy,Argentina","-22.72049","-65.69697","9425"
"Clorinda,Formosa,Argentina","-25.28481","-57.71851","15000"
"CostaSacate,Cordoba,Argentina","-31.6477","-63.75935","1288"
"ArroyoSeco,ProvinciadeSantaFe,Argentina","-33.15489","-60.50863","20008"
"Salada,SanLuisProvince,Argentina","-32.4500008","-65.3666687",
"Lavalle,ProvinciadeSantiagodelEstero,Argentina","-28.19635","-65.10851","0"
"LasTocas,SantaFe,Argentina","-28.3529","-59.25795","11811"
"GregoriodeLaferrere,BuenosAiresProvince,Argentina","-34.7497482","-58.5845909",
"Obera,ProvinciadeMisiones,Argentina","-27.48706","-55.11994","56528"
"VillaChanarLadeado,ProvinciadeSantaFe,Argentina","-33.32524","-62.03831","0"
"PuertoIguazu,MisionesProvince,Argentina","-25.5971635","-54.578599",
"ColoniadeGeneralAlvear,Mendoza,Argentina","-34.97696","-67.69116",
"ElTio,Cordoba,Argentina","-31.38357","-62.82938","1510"
"Ballesteros,ProvinciadeCordoba,Argentina","-32.54534","-62.98302","0"
"SanBernardo,Chaco,Argentina","-27.28782","-60.71252","11101"
"Berrotaran,Cordoba,Argentina","-32.451","-64.38867","6446"
"Labordeboy,ProvinciadeSantaFe,Argentina","-33.71672","-61.31474","0"
"TermasdeRioHondo,SantiagodelEstero,Argentina","-27.49983","-64.86042","27838"
"ColoniaWanda,Misiones,Argentina","-25.97408","-54.42806","12779"
"LihuelCalel,LaPampa,Argentina","-38.01418","-65.58465",
"SantaSylvina,ChacoProvince,Argentina","-27.8315995","-61.1360334",
"LasCasuarinas,ProvinciadeSanJuan,Argentina","-31.81667","-68.32611","0"
"MaximoPaz,ProvinciadeSantaFe,Argentina","-33.48459","-60.9583","0"
"SanBernardodelTuyu,ProvinciadeBuenosAires,Argentina","-36.69733","-56.68293","0"
"BellaVista,ProvinciadeBuenosAires,Argentina","-34.5651","-58.69034","0"
"Famailla,ProvinciadeTucuman,Argentina","-27.05413","-65.40329","30951"
"IteIbata,Corrientes,Argentina","-27.42573","-57.33758","4115"
"Pigue,ProvinciadeBuenosAires,Argentina","-37.60509","-62.40333","0"
"Parana,ProvinciadeEntreRios,Argentina","-31.7413197","-60.5115471",
"Plottier,ProvinciadelNeuquen,Argentina","-38.96667","-68.23333","25186"
"Saladillo,ProvinciadeBuenosAires,Argentina","-35.63708","-59.77788","0"
"Tupungato,Mendoza,Argentina","-33.37146","-69.14845",
"Escobar,BuenosAiresProvince,Argentina","-34.3402525","-58.7849434",
"Lapachito,ProvinciadelChaco,Argentina","-27.15998","-59.38604","1448"
"SanEugenio,ProvinciadeSantaFe,Argentina","-32.07418","-61.11395","0"
"Tapso,ProvinciadeSantiagodelEstero,Argentina","-28.4","-65.1","0"
"Rosario,SantaFe,Argentina","-32.94682","-60.63932","1173533"
"RealSayana,ProvinciadeSantiagodelEstero,Argentina","-28.8142","-62.84304","0"
"Realico,LaPampa,Argentina","-35.03658","-64.2447","7151"
"LaCruz,CorrientesProvince,Argentina","-28.1833333","-56.65",
"Chilecito,LaRioja,Argentina","-29.16195","-67.4974","42248"
"Alcorta,ProvinciadeSantaFe,Argentina","-33.54319","-61.12261","0"
"ColoniaDora,ProvinciadeSantiagodelEstero,Argentina","-28.6","-62.95","2406"
"FVarela,BuenosAires,Argentina","-34.82722","-58.39556",
"Castelli,ProvinciadelChaco,Argentina","-25.94679","-60.61947","36588"
"LaCocha,ProvinciadeTucuman,Argentina","-27.77729","-65.57035","7066"
"SantaFe,SantaFeProvince,Argentina","-31.6323891","-60.6994591",
"ConcepciondelBermejo,ProvinciadelChaco,Argentina","-26.59926","-60.94617","5830"
"VilladeMariadelRioSeco,ProvinciadeCordoba,Argentina","-29.9028034","-63.7204895",
"Peyrano,ProvinciadeSantaFe,Argentina","-33.53733","-60.80149","0"
"Desaguadero,ProvinciadeMendoza,Argentina","-33.40334","-67.15564","0"
"Tosquita,Cordoba,Argentina","-33.81899","-64.45722",
"LagunaLarga,Cordoba,Argentina","-31.77652","-63.80104","7137"
"Godeken,ProvinciadeSantaFe,Argentina","-33.40011","-61.84377","0"
"PuertoMadryn,Chubut,Argentina","-42.7692","-65.03851","64555"
"Urdinarrain,ProvinciadeEntreRios,Argentina","-32.68573","-58.89324","7992"
"Colazo,Cordoba,Argentina","-31.96453","-63.38279",
"BenjaminGould,ProvinciadeCordoba,Argentina","-33.59164","-62.72983","0"
"ElQuebrachal,Salta,Argentina","-25.28333","-64.06667","10243"
"LaClotilde,ProvinciadelChaco,Argentina","-27.13333","-60.66667","3625"
"LucioVLopez,SantaFeProvince,Argentina","-32.7128525","-61.0210152",
"Carreras,ProvinciadeSantaFe,Argentina","-33.59704","-61.30982","0"
"Castelar,ProvinciadeBuenosAires,Argentina","-34.6524","-58.63747","0"
"LosCocos,ProvinciadeCordoba,Argentina","-30.9233418","-64.4990921",
"SanVicente,ProvinciadeBuenosAires,Argentina","-35.025","-58.42276","0"
"SantaRosa,ProvinciadeSantaFe,Argentina","-31.41969","-60.33342","0"
"SanLorenzo,CorrientesProvince,Argentina","-28.1302185","-58.766201",
"GrandBourg,ProvinciadeBuenosAires,Argentina","-34.48236","-58.72913","0"
"SantoTome,Corrientes,Argentina","-28.54939","-56.04077","22634"
"CampoLargo,ChacoProvince,Argentina","-26.8004145","-60.8391315",
"Chucul,ProvinciadeCordoba,Argentina","-33.01078","-64.17042","0"
"VillaFontana,Cordoba,Argentina","-30.89376","-63.11534",
"Dolores,ProvinciadeBuenosAires,Argentina","-36.31322","-57.67918","25190"
"Pilar,ProvinciadeBuenosAires,Argentina","-34.45761","-58.91384","0"
"Malabrigo,SantaFe,Argentina","-29.34636","-59.96957","7026"
"Florencia,Formosa,Argentina","-24.2","-62.01667",
"9deJulio,BuenosAiresProvince,Argentina","-35.4459572","-60.8833771",
"Sampacho,ProvinciadeCordoba,Argentina","-33.3839","-64.72211","7238"
"RioSegundo,Cordoba,Argentina","-31.6526","-63.9099","18155"
"JuanBautistaAlberdi,ProvinciadeTucuman,Argentina","-27.58589","-65.61979","0"
"Christophersen,ProvinciadeSantaFe,Argentina","-34.18326","-62.02445","0"
"Garre,ProvinciadeBuenosAires,Argentina","-36.56037","-62.60217","0"
"Anatuya,ProvinciadeSantiagodelEstero,Argentina","-28.46064","-62.83472","20261"
"PedroGomezCello,SantaFe,Argentina","-30.0372","-60.31538",
"CamiloAldao,ProvinciadeCordoba,Argentina","-33.12745","-62.09453","4895"
"SantaClaradeBuenaVista,ProvinciadeSantaFe,Argentina","-31.7639","-61.31982","0"
"Luxardo,ProvinciadeCordoba,Argentina","-31.31667","-62.13333","0"
"BanadodeOvanta,ProvinciadeCatamarca,Argentina","-28.10564","-65.31884","0"
"LaPara,Cordoba,Argentina","-30.89416","-63.00107","3021"
"SanPedro,BuenosAires,Argentina","-33.67913","-59.66664",
"Tuclame,ProvinciadeCordoba,Argentina","-30.74762","-65.23574","0"
"Milagro,LaRioja,Argentina","-31.00326","-66.00098",
"LaTigra,ProvinciadelChaco,Argentina","-27.10996","-60.58719","4505"
"SantoTome,ProvinciadeSantaFe,Argentina","-31.66274","-60.7653","59072"
"LasLiebres,Cordoba,Argentina","-33.15319","-62.85661","5492"
"Retiro,LaRioja,Argentina","-28.80465","-68.19027",
"ChoeleChoel,ProvinciadeRioNegro,Argentina","-39.26667","-65.68333","9791"
"Wheelwright,ProvinciadeSantaFe,Argentina","-33.79039","-61.20888","0"
"Libertad,BuenosAires,Argentina","-34.68891","-58.6801",
"LaFalda,Cordoba,Argentina","-31.08841","-64.48987","15112"
"PampadelosGuanacos,ProvinciadeSantiagodelEstero,Argentina","-26.23333","-61.85","4393"
"Ulapes,LaRioja,Argentina","-31.57362","-66.2365",
"SantaRosa,SanLuis,Argentina","-32.34286","-65.20323","4489"
"Chajari,EntreRios,Argentina","-30.75048","-57.97962","30655"
"Parana,EntreRios,Argentina","-31.73197","-60.5238","262295"
"MaximoPaz,ProvinciadeBuenosAires,Argentina","-34.93878","-58.61788","0"
"Pehuajo,ProvinciadeBuenosAires,Argentina","-35.81077","-61.8968","0"
"Salsipuedes,Cordoba,Argentina","-31.13724","-64.29589","6411"
"Uranga,ProvinciadeSantaFe,Argentina","-33.26916","-60.70406","0"
"BandadelRioSali,ProvinciadeTucuman,Argentina","-26.83333","-65.16667","0"
"Villaguay,EntreRios,Argentina","-31.8653","-59.02689","32027"
"EstanislaodelCampo,ProvinciadeFormosa,Argentina","-25.05504","-60.09218","4055"
"SantaIsabel,LaPampa,Argentina","-36.22724","-66.9424","2493"
"Cajas,Jujuy,Argentina","-22.25","-65.3",
"9deJulio,CorrientesProvince,Argentina","-28.8404236","-58.8250923",
"Tancacha,ProvinciadeCordoba,Argentina","-32.24309","-63.9807","5184"
"CampoGallo,ProvinciadeSantiagodelEstero,Argentina","-26.58333","-62.85","5455"
"VilladelParque,BuenosAiresFD,Argentina","-34.60057","-58.48872",
"IslaVerde,Cordoba,Argentina","-33.24104","-62.40297","4245"
"SanJusto,ProvinciadeBuenosAires,Argentina","-34.6766","-58.56058","0"
"CapilladelMonte,Cordoba,Argentina","-30.86088","-64.52515","9085"
"Ibarreta,ProvinciadeFormosa,Argentina","-25.21438","-59.85851","8687"
"NuevoTorino,SantaFe,Argentina","-31.34645","-61.2354",
"CerroAzul,ProvinciadeMisiones,Argentina","-27.6331","-55.4962","5323"
"Rawson,Chubut,Argentina","-43.30016","-65.10228","26335"
"SanJosedelaEsquina,ProvinciadeSantaFe,Argentina","-33.11444","-61.70316","0"
"Independencia,SantaFeProvince,Argentina","-29.3732929","-61.7308731",
"Beltran,ProvinciadeSantiagodelEstero,Argentina","-27.82913","-64.06098","5321"
"LaCruz,ProvinciadeCorrientes,Argentina","-29.17443","-56.64326","8591"
"Ramallo,ProvinciadeBuenosAires,Argentina","-33.48482","-60.00707","0"
"SanVicente,ProvinciadeSantaFe,Argentina","-31.69924","-61.56738","0"
"Gaboto,ProvinciadeSantaFe,Argentina","-32.43549","-60.81416","0"
"PuertoIguazu,Misiones,Argentina","-25.59912","-54.57355","32038"
"SanRafael,Mendoza,Argentina","-34.61772","-68.33007","109163"
"Perez,SantaFeProvince,Argentina","-32.9977226","-60.7661552",
"Capiovi,MisionesProvince,Argentina","-26.9333305","-55.0666618",
"VillaBosch,ProvinciadeBuenosAires,Argentina","-34.58637","-58.57478","0"
"SanJosedelRincon,ProvinciadeSantaFe,Argentina","-31.60426","-60.56761","0"
"FrailePintado,Jujuy,Argentina","-23.94079","-64.79943","13682"
"LaBolsa,BuenosAires,Argentina","-33.78145","-59.9922",
"PuertoSanJulian,SantaCruz,Argentina","-49.30554","-67.72743","6143"
"Chacabuco,ProvinciadeBuenosAires,Argentina","-34.64167","-60.47389","34587"
"CoronelArnold,ProvinciadeSantaFe,Argentina","-33.10504","-60.96588","0"
"PasodelosLibres,Corrientes,Argentina","-29.71311","-57.08991","43805"
"GeneralPinedo,ProvinciadelChaco,Argentina","-27.31667","-61.28333","15741"
"Piquillin,Cordoba,Argentina","-31.30158","-63.75788","1170"
"LasVarillas,ProvinciadeCordoba,Argentina","-31.8705008","-62.7197901",
"SagradoTemple,Cordoba,Argentina","-31.38731","-63.41821","2358"
"LomaVerde,ProvinciadeBuenosAires,Argentina","-35.27368","-58.40378","0"
"TafidelValle,ProvinciadeTucuman,Argentina","-26.85275","-65.70983","4028"
"Monje,ProvinciadeSantaFe,Argentina","-32.35692","-60.94193","0"
"Runciman,ProvinciadeSantaFe,Argentina","-33.9","-61.83333","0"
"Berazategui,ProvinciadeBuenosAires,Argentina","-34.76531","-58.21278","0"
"Vichigasta,LaRioja,Argentina","-29.48728","-67.5071",
"Liniers,BuenosAiresFD,Argentina","-34.64286","-58.52386",
"Dolores,Cordoba,Argentina","-31.94585","-65.18958","28009"
"ElColorado,FormosaProvince,Argentina","-26.3091354","-59.3717155",
"FrayLuisBeltran,ProvinciadeMendoza,Argentina","-33.00724","-68.65062","0"
"Bragado,BuenosAires,Argentina","-35.11912","-60.48966",
"ColoniaLibertad,Corrientes,Argentina","-30.043","-57.8202","1438"
"Hughes,ProvinciadeSantaFe,Argentina","-33.80112","-61.33467","0"
"JuarezCelman,Cordoba,Argentina","-31.25809","-64.16611",
"2deMayo,MisionesProvince,Argentina","-27.0200824","-54.6844726",
"Horcones,Salta,Argentina","-25.72","-64.87956","0"
"LaPlayosa,ProvinciadeCordoba,Argentina","-32.10002","-63.03088","2376"
"Federal,EntreRios,Argentina","-30.95465","-58.78326","16333"
"Cerrito,ProvinciadeEntreRios,Argentina","-31.5833333","-60.0666667",
"Maggiolo,ProvinciadeSantaFe,Argentina","-33.72166","-62.24526","0"
"MiguelTorres,ProvinciadeSantaFe,Argentina","-33.52706","-61.46468","0"
"VillaBerthet,ProvinciadelChaco,Argentina","-27.29174","-60.41263","12029"
"PuertoSanAntonioOeste,RioNegro,Argentina","-40.73193","-64.94769","16966"
"Basavilbaso,ProvinciadeEntreRios,Argentina","-32.37213","-58.87858","0"
"Rosales,ProvinciadeCordoba,Argentina","-34.17346","-63.1531","0"
"Humahuaca,Jujuy,Argentina","-23.20544","-65.35048","11369"
"Cavanagh,ProvinciadeCordoba,Argentina","-33.47606","-62.33888","1150"
"Bandera,ProvinciadeSantiagodelEstero,Argentina","-28.8884","-62.266","0"
"TresBocas,ProvinciadeEntreRios,Argentina","-32.73989","-59.76644","0"
"Rocamora,ProvinciadeEntreRios,Argentina","-32.34554","-58.96502","0"
"RosariodelaFrontera,Salta,Argentina","-25.79693","-64.97094",
"VillaElChocon,Neuquen,Argentina","-39.23333","-68.75",
"Yuto,JujuyProvince,Argentina","-23.6427652","-64.4718995",
"Ezeiza,ProvinciadeBuenosAires,Argentina","-34.84787","-58.52869","0"
"Clusellas,SantaFe,Argentina","-31.45157","-61.70632",
"SaltoGrande,ProvinciadeSantaFe,Argentina","-32.66801","-61.08741","0"
"SantaRosa,JujuyProvince,Argentina","-23.3366925","-65.1389341",
"LaPaz,EntreRios,Argentina","-30.74485","-59.64566","24716"
"Crespo,ProvinciadeEntreRios,Argentina","-32.02873","-60.30658","18296"
"PiedradelAguila,Neuquen,Argentina","-40.04811","-70.0741","3372"
"ComandanteLuisPiedrabuena,SantaCruzProvince,Argentina","-49.9827919","-68.9113998",
"Reconquista,SantaFe,Argentina","-29.15","-59.65","90184"
"SanLorenzo,ProvinciadeSantaFe,Argentina","-32.74139","-60.745","0"
"CarlosCasares,ProvinciadeBuenosAires,Argentina","-35.62171","-61.36168","0"
"Catrilo,ProvinciadeLaPampa,Argentina","-36.40598","-63.42168","3743"
"PuertoPiray,ProvinciadeMisiones,Argentina","-26.46779","-54.71476","8557"
"Piedritas,ProvinciadeBuenosAires,Argentina","-34.76832","-62.98366","0"
"Clason,ProvinciadeSantaFe,Argentina","-32.46142","-61.29106","0"
"Concordia,EntreRios,Argentina","-31.39296","-58.02089","145210"
"PuertoLujan,ProvinciadeCorrientes,Argentina","-27.35792","-56.17528","0"
"PozodelTigre,ProvinciadeFormosa,Argentina","-24.89682","-60.32359","3948"
"CincoSaltos,RioNegro,Argentina","-38.82224","-68.06293","19819"
"PampadelInfierno,ProvinciadelChaco,Argentina","-26.50517","-61.17436","8176"
"RioMuerto,ProvinciadelChaco,Argentina","-26.3","-61.68333","0"
"Timbues,SantaFeProvince,Argentina","-32.6666667","-60.8",
"ColoniaDolores,ProvinciadeSantaFe,Argentina","-30.38171","-60.32937","0"
"VeinticincodeMayo,ProvinciadeBuenosAires,Argentina","-35.4323","-60.17271","24668"
"Iturraspe,ProvinciadeSantaFe,Argentina","-32.42326","-61.78729","0"
"Chimpay,RioNegro,Argentina","-39.16482","-66.14236","3905"
"ElBolson,RioNegro,Argentina","-41.96667","-71.51667","15537"
"Carapachay,ProvinciadeBuenosAires,Argentina","-34.52629","-58.53584","0"
"LaRioja,LaRioja,Argentina","-29.41105","-66.85067","162620"
"SanFrancisco,Cordoba,Argentina","-31.42797","-62.08266","59062"
"GobernadorCrespo,SantaFe,Argentina","-30.3627","-60.40162",
"MonteBuey,ProvinciadeCordoba,Argentina","-32.91642","-62.45668","5497"
"SanGenaro,ProvinciadeSantaFe,Argentina","-32.36957","-61.35681","0"
"AguadeOro,Cordoba,Argentina","-31.06661","-64.30017","1553"
"VillaAllende,Cordoba,Argentina","-31.29458","-64.29538","21683"
"Oncativo,Cordoba,Argentina","-31.91353","-63.68201","12660"
"SantiagodelEstero,SantiagodelEstero,Argentina","-27.79511","-64.26149","354692"
"CuatroEsquinas,ProvinciadeLaRioja,Argentina","-31.80149","-65.8864","0"
"Almafuerte,Cordoba,Argentina","-32.19296","-64.25559","10534"
"Josefina,ProvinciadeSantaFe,Argentina","-31.40622","-61.99183","0"
"LasHigueras,ProvinciadeCordoba,Argentina","-33.09231","-64.289","5282"
"AristobulodelValle,ProvinciadeMisiones,Argentina","-27.09625","-54.89626","20683"
"Machagai,ProvinciadelChaco,Argentina","-26.92614","-60.04956","28070"
"SanAntoniodeAreco,ProvinciadeBuenosAires,Argentina","-34.24968","-59.46945","0"
"LaPortena,ProvinciadeBuenosAires,Argentina","-36.36443","-62.72001","0"
"LosSembrados,ProvinciadeSantaFe,Argentina","-31.6645","-61.54173","0"
"HuincaRenanco,Cordoba,Argentina","-34.84038","-64.3758","8637"
"Melincue,ProvinciadeSantaFe,Argentina","-33.65847","-61.45458","0"
"PresidenciaRoqueSaenzPena,Chaco,Argentina","-26.78522","-60.43876","81879"
"GeneralFrias,RioNegro,Argentina","-40.2","-64.2",
"ColoniaAldao,SantaFe,Argentina","-30.97981","-61.7429",
"Salsacate,Cordoba,Argentina","-31.31649","-65.08529","1205"
"MonteQuemado,ProvinciadeSantiagodelEstero,Argentina","-25.80565","-62.83019","0"
"Totoral,Cordoba,Argentina","-30.81667","-63.71667","7110"
"Tintina,ProvinciadeSantiagodelEstero,Argentina","-27.03333","-62.71667","3868"
"GodoyCruz,ProvinciadeMendoza,Argentina","-32.92864","-68.8351","0"
"BalnearioSantaTeresa,BuenosAires,Argentina","-36.54131","-56.70105",
"GeneralMartinMdeGuemes,Salta,Argentina","-24.67034","-65.04765",
"VillaMariaGrande,ProvinciadeEntreRios,Argentina","-31.66565","-59.90182","7101"
"Cotita,LaPampa,Argentina","-37.7","-64.06667",
"SanCarlos,Cordoba,Argentina","-31.17761","-65.10245","1215"
"Bouquet,ProvinciadeSantaFe,Argentina","-32.42397","-61.88951","0"
"Elena,Cordoba,Argentina","-32.57205","-64.39481","2815"
"ColoniaSilva,SantaFeProvince,Argentina","-30.4500008","-60.4333305",
"RioCuarto,Cordoba,Argentina","-33.13067","-64.34992","153757"
"Progresso,ProvinciadeSantaFe,Argentina","-31.13773","-60.98952","0"
"JardinAmerica,Misiones,Argentina","-27.04346","-55.22698","24905"
"LosReartes,Cordoba,Argentina","-31.92148","-64.57651",
"Chelforo,RioNegro,Argentina","-39.08734","-66.52208",
"JesusMaria,Cordoba,Argentina","-30.98153","-64.09424","26825"
"BaldesdeQuines,SanLuis,Argentina","-32.05031","-65.73125",
"GeneralAlvear,ProvinciadeBuenosAires,Argentina","-36.02078","-60.0145","0"
"GeneralVillegas,ProvinciadeBuenosAires,Argentina","-35.03285","-63.01252","0"
"Pergamino,BuenosAires,Argentina","-33.88995","-60.57357","87652"
"Cosquin,Cordoba,Argentina","-31.24508","-64.46563","19070"
"LasCatitas,Mendoza,Argentina","-33.3","-68.03333",
"Tigre,BuenosAiresProvince,Argentina","-34.425087","-58.5796585",
"Mercedes,Corrientes,Argentina","-29.18186","-58.07895","30649"
"TafiViejo,ProvinciadeTucuman,Argentina","-26.73201","-65.25921","48459"
"LasJunturas,Cordoba,Argentina","-31.83125","-63.45016","1541"
"Leguizamon,ProvinciadeCordoba,Argentina","-34.20458","-62.97635","0"
"Piamonte,ProvinciadeSantaFe,Argentina","-32.14301","-61.98217","0"
"CoronelSuarez,ProvinciadeBuenosAires,Argentina","-37.45467","-61.93343","27000"
"MonteMaiz,ProvinciadeCordoba,Argentina","-33.20462","-62.60085","6920"
"LucasGonzalez,ProvinciadeEntreRios,Argentina","-32.3843","-59.53013","4466"
"Ituzaingo,Corrientes,Argentina","-27.58162","-56.68231",
"Portena,ProvinciadeCordoba,Argentina","-31.01391","-62.0665","4624"
"Chajan,ProvinciadeCordoba,Argentina","-33.5560837","-65.0033112",
"LasChilcas,ProvinciadeCordoba,Argentina","-30.06667","-64.33333","0"
"Copina,Cordoba,Argentina","-31.56454","-64.70052",
"GeneralPacheco,BuenosAires,Argentina","-34.44882","-58.64296",
"Bolivar,BuenosAires,Argentina","-36.25","-61.1",
"MarcosJuarez,Cordoba,Argentina","-32.6978","-62.10672","24226"
"Aimogasta,LaRioja,Argentina","-28.5609","-66.80588",
"GeneralRoca,ProvinciadeCordoba,Argentina","-32.73196","-61.91599","2597"
"MinaClavero,Cordoba,Argentina","-31.721","-65.00619","6855"
"Fernandez,ProvinciadeSantiagodelEstero,Argentina","-27.92038","-63.89349","0"
"LosCardos,ProvinciadeSantaFe,Argentina","-32.32206","-61.63102","0"
"LasGarzas,SantaFe,Argentina","-28.83333","-59.51667",
"LaNoria,ProvinciadeBuenosAires,Argentina","-35.16667","-58.8","0"
"Helvecia,SantaFeProvince,Argentina","-31.0995502","-60.0842285",
"RioZeballos,Cordoba,Argentina","-31.16486","-64.32241","16632"
"SanJeronimoSur,ProvinciadeSantaFe,Argentina","-32.87991","-61.02508","0"
"LaPuertadeSanJose,Catamarca,Argentina","-27.55","-67.01667","1073"
"Bombal,ProvinciadeSantaFe,Argentina","-33.45686","-61.31994","0"
"Berabevu,ProvinciadeSantaFe,Argentina","-33.33946","-61.86154","0"
"Azul,BuenosAires,Argentina","-36.77698","-59.85854","53941"
"SanLuis,SanLuis,Argentina","-33.29501","-66.33563","183982"
"PresidenciaRoqueSaenzPena,ChacoProvince,Argentina","-26.7833333","-60.45",
"Zapala,Neuquen,Argentina","-38.89916","-70.05442","31534"
"CapitanSarmiento,ProvinciadeBuenosAires,Argentina","-34.17269","-59.78987","0"
"PabloNogues,BuenosAiresProvince,Argentina","-34.4785687","-58.7057233",
"VillaGiardino,Cordoba,Argentina","-31.03333","-64.48333","4679"
"Oliveros,ProvinciadeSantaFe,Argentina","-32.57561","-60.85236","0"
"LasBandurrias,ProvinciadeSantaFe,Argentina","-32.1973","-61.49213","0"
"Charras,ProvinciadeCordoba,Argentina","-33.024","-64.04719","1001"
"LaTranca,ProvinciadeSanLuis,Argentina","-32.33237","-67.27167","0"
"VillaTraful,Neuquen,Argentina","-40.65755","-71.40583",
"Ascochinga,Cordoba,Argentina","-30.96017","-64.28364",
"Herrera,ProvinciadeSantiagodelEstero,Argentina","-28.48094","-63.06779","0"
"Alicia,ProvinciadeCordoba,Argentina","-31.94006","-62.46495","0"
"Serrezuela,Cordoba,Argentina","-30.63761","-65.38692","2291"
